01.09.2011,00001,FORD,FOCUS,2010,р961бм197,дПСЦНИ ЖБЕР
01.09.2011,00002,FORD,FOCUS,2010,р958бм197,дПСЦНИ ЖБЕР
01.09.2011,00003,FORD,FOCUS,2011,р963бм197,М/Д
01.09.2011,00004,FORD,FOCUS,2010,р964бм197,М/Д
01.09.2011,00005,FORD,FOCUS,2010,р960бм197,М/Д
01.09.2011,00006,FORD,FOCUS,2010,р959бм197,М/Д
01.09.2011,00007,FORD,FOCUS,2010,р962бм197,М/Д
01.09.2011,00008,FORD,FOCUS,2010,р965бм197,М/Д
01.09.2011,00009,FORD,FOCUS,2010,р957бм197,М/Д
01.09.2011,00010,PEUGEOT,PARTNER,2011,р142пм197,М/Д
01.09.2011,00011,TOYOTA,COROLLA,2008,лб84177,вЕПМШИ
01.09.2011,00012,тнпд,S-MAX,2007,е393ус177,М/Д
01.09.2011,00013,KIA YED,SEYE`D,2010,ю698юу197,М/Д
01.09.2011,00014,PEUGEOT,PARTNER,2010,л694лм190,М/Д
01.09.2011,00015,FORD,FOCUS,2009,м007нр199,М/Д
01.09.2011,00016,FORD,TRANSIT KOMBI,2011,я025ле197,М/Д
01.09.2011,00017,KIA,SIID,2010,у784ур199,М/Д
01.09.2011,00018,HYUNDAI,SONATA,2008,у190йн199,М/Д
01.09.2011,00019,FORD,MONDEO,2012,у355лл199,М/Д
01.09.2011,00020,TOYOTA,CAMRY,2008,н355яу150,М/Д
01.09.2011,00021,CHEVROLET,KLAN(J200)CHEVROLETL,2010,п740бр197,М/Д
01.09.2011,00022,RENAULT,LOGAN,2012,л637сс197,М/Д
01.09.2011,00023,NISSAN,ALMERA 1.6 RE,2008,м649лн199,М/Д
01.09.2011,00024,OPEL,ZAFIRA,2012,п632юя71,М/Д
01.09.2011,00025,яHEVROLET,LANOS,2008,л630яс199,М/Д
01.09.2011,00026,CHEVROLET,LANOS,2008,ю320пп199,М/Д
01.09.2011,00027,RENAULT,SR,2010,е542ун199,М/Д
01.09.2011,00028,NISSAN,TEANA,2011,й617мй197,М/Д
01.09.2011,00029,HYUNDAI,SOLARIS,2011,йр11977,фЕКРШИ
01.09.2011,00030,LADA,210540 LADA2105,2010,л665юн197,М/Д
01.09.2011,00031,RENAULT,SR,2011,е051йй197,М/Д
01.09.2011,00032,LADA,210740,2010,п287яр199,М/Д
01.09.2011,00033,LADA,210540,2010,м061ел197,М/Д
01.09.2011,00034,LADA,210540,2010,б982юй197,М/Д
01.09.2011,00035,VAZ,21074,2010,п068яр199,М/Д
01.09.2011,00036,VAZ,21074,2009,н834ям199,М/Д
01.09.2011,00037,VAZ,210540,2010,п365яр199,М/Д
01.09.2011,00038,PEUGEOT,308,2010,е519сс93,М/Д
01.09.2011,00039,тнпд,тнйся,2012,йю36677,дПСЦНИ ЖБЕР
01.09.2011,00040,VOLKSWAGEN,CARAVELLE,2010,ю347юе197,М/Д
01.09.2011,00041,MAZDA,6,2011,ю891лй197,М/Д
01.09.2011,00042,SKODA,OCTAVIA,2011,р037мн197,М/Д
01.09.2011,00043,MAZDA,6,2007,р280мн197,М/Д
01.09.2011,00044,HYUNDAI,H-12.4 MPIAT,2010,р252мн197,М/Д
01.09.2011,00045,CHEVROLET,CRUZE,2012,я101уе197,М/Д
01.09.2011,00046,GAZ,31105,2004,р988лр197,М/Д
01.09.2011,00047,FORD,MONDEO,2008,л816йл197,М/Д
01.09.2011,00048,RENAULT,LOGAN SR,2006,я791лй177,М/Д
01.09.2011,00049,OPEL,ASTRA A-H/NB,2010,е845еу197,М/Д
01.09.2011,00050,RENAULT,SR,2010,е572ею197,М/Д
01.09.2011,00051,RENAULT,SR,2010,е573ею197,М/Д
01.09.2011,00052,RENAULT,SR,2010,е574ею197,М/Д
01.09.2011,00053,RENAULT,SR,2010,е616ею197,М/Д
01.09.2011,00054,RENAULT,SR,2010,е617ею197,М/Д
01.09.2011,00055,RENAULT,SR,2010,е618ею197,М/Д
01.09.2011,00056,RENAULT,SR,2010,е619ею197,М/Д
01.09.2011,00057,RENAULT,SR,2010,р832не197,М/Д
01.09.2011,00058,RENAULT,SR,2010,я152ей197,М/Д
01.09.2011,00059,RENAULT,SR,2010,я153ей197,М/Д
01.09.2011,00060,RENAULT,SR,2010,я154ей197,М/Д
01.09.2011,00061,RENAULT,SR,2010,я155ей197,М/Д
01.09.2011,00062,RENAULT,SR,2010,я156ей197,М/Д
01.09.2011,00063,RENAULT,SR,2010,я157ей197,М/Д
01.09.2011,00064,RENAULT,SR,2010,я158ей197,М/Д
01.09.2011,00065,RENAULT,LOGAN SR,2008,я786йс199,М/Д
01.09.2011,00066,RENAULT,LOGAN SR,2008,я788йс199,М/Д
01.09.2011,00067,RENAULT,LOGAN SR,2008,я790йс199,М/Д
01.09.2011,00068,RENAULT,LOGAN SR,2008,я791йс199,М/Д
01.09.2011,00069,RENAULT,LOGAN SR,2008,я792йс199,М/Д
01.09.2011,00070,RENAULT,LOGAN SR,2008,я793йс199,М/Д
01.09.2011,00071,RENAULT,LOGAN SR,2008,я794йс199,М/Д
01.09.2011,00072,CHEVROLET,LACETTI,2011,с568мю197,М/Д
01.09.2011,00073,CHEVROLET,KLAN(J200/LACETTI),2010,й276бл197,М/Д
01.09.2011,00074,CHEVROLET,KLAN(J200LACETTI),2010,с228юр197,М/Д
01.09.2011,00075,CHEVROLET,LACETTI KLAN(J200),2010,я254бю197,М/Д
01.09.2011,00076,CHEVROLET,LACETTI,2010,й744бл197,М/Д
01.09.2011,00077,CHEVROLET,LATSETTI KLAN(J200),2010,л033юп197,М/Д
01.09.2011,00078,CHEVROLET,KLAN(J200/LACETTI),2010,я129бю197,М/Д
01.09.2011,00079,CHEVROLET,LATSETTI KLANJ200,2010,у102юр197,М/Д
01.09.2011,00080,CHEVROLET,KLAN LATSETTIJ200,2010,я397еб197,М/Д
01.09.2011,00081,CHEVROLET,LACETTI,2011,ю429йс197,М/Д
01.09.2011,00082,CHEVROLET,LACETTI KLANJ200,2011,ю430йс197,М/Д
01.09.2011,00083,CHEVROLET,LACETTI,2009,м459ул199,М/Д
01.09.2011,00084,CHEVROLET,KLAN (J200/LACETTI),2008,н224мю199,М/Д
01.09.2011,00085,CHEVROLET,LACETTI,2008,н452мю199,М/Д
01.09.2011,00086,CHEVROLET,KLAN(J200)LATSETTI,2009,й113уе199,М/Д
01.09.2011,00087,CHEVROLET,KLAN (J200/LACETTI),2008,м388рм199,М/Д
01.09.2011,00088,CHEVROLET,KLAN (J200/LACETTI),2008,с152му199,М/Д
01.09.2011,00089,CHEVROLET,KLAN (J200/LACETTI),2008,р455пю199,М/Д
01.09.2011,00090,CHEVROLET,KLAN (J200/LACETTI),2008,м710ре199,М/Д
01.09.2011,00091,CHEVROLET,LACETTI,2009,м457ул199,М/Д
01.09.2011,00092,CHEVROLET,KLAN (J200/LACETTI),2009,у536ей197,М/Д
01.09.2011,00093,CHEVROLET,KLAN (J/200LACETTI),2008,я157яе199,М/Д
01.09.2011,00094,CHEVROLET,LACHETTI,2008,н256мп199,М/Д
01.09.2011,00095,CHEVROLET,LACETTI,2008,я420яе199,М/Д
01.09.2011,00096,CHEVROLET,KLAN (J200/LACETTI),2008,р440пю199,М/Д
01.09.2011,00097,CHEVROLET,LACETTI,2008,я325яе199,М/Д
01.09.2011,00098,CHEVROLET,KLAN(J200/LACETTI),2008,я920мю199,М/Д
01.09.2011,00099,FORD,FOCUS,2011,б634ле197,фЕКРШИ
01.09.2011,00100,RENAULT,SR,2009,ю860мя197,М/Д
01.09.2011,00101,HYUNDAI,ACCENT,2005,с117пу199,М/Д
01.09.2011,00102,KIA,ED CID,2011,л956мй197,М/Д
01.09.2011,00103,CITROEN,C5,2006,б515ню177,М/Д
01.09.2011,00104,RENAULT,SR,2009,е064пн199,М/Д
01.09.2011,00105,FORD,FOCUS,2007,е169йе197,М/Д
01.09.2011,00106,RENAULT,SR,2010,л548йл197,М/Д
01.09.2011,00107,RENAULT,SR,2011,л549йл197,М/Д
01.09.2011,00108,RENAULT,SR,2010,н951йл197,М/Д
01.09.2011,00109,RENAULT,SR,2010,я107яю77,М/Д
01.09.2011,00110,RENAULT,SR,2010,н953йл197,М/Д
01.09.2011,00111,RENAULT,SR,2010,н954йл197,М/Д
01.09.2011,00112,RENAULT,SR,2010,н955йл197,М/Д
01.09.2011,00113,RENAULT,SR,2010,н956йл197,М/Д
01.09.2011,00114,RENAULT,SR,2010,н957йл197,М/Д
01.09.2011,00115,RENAULT,SR,2010,н958йл197,М/Д
01.09.2011,00116,RENAULT,SR,2010,н959йл197,М/Д
01.09.2011,00117,RENAULT,SR,2010,н960йл197,М/Д
01.09.2011,00118,RENAULT,SR,2010,н961йл197,М/Д
01.09.2011,00119,RENAULT,SR,2010,р126бй197,М/Д
01.09.2011,00120,RENAULT,SR,2010,п891бю197,М/Д
01.09.2011,00121,RENAULT,SR,2010,п892бю197,М/Д
01.09.2011,00122,RENAULT,SR,2010,п893бю197,М/Д
01.09.2011,00123,RENAULT,SR,2010,п894бю197,М/Д
01.09.2011,00124,RENAULT,SR,2010,п895бю197,М/Д
01.09.2011,00125,RENAULT,SR,2010,п994бю197,М/Д
01.09.2011,00126,RENAULT,SR,2010,п995бю197,М/Д
01.09.2011,00127,RENAULT,SR,2010,п997бю197,М/Д
01.09.2011,00128,RENAULT,SR,2010,п998бю197,М/Д
01.09.2011,00129,RENAULT,LOGAN SR,2009,н082рп199,М/Д
01.09.2011,00130,RENAULT,LOGAN SR,2009,н083рп199,М/Д
01.09.2011,00131,RENAULT,LOGAN SR,2009,н084рп199,М/Д
01.09.2011,00132,RENAULT,LOGAN SR,2009,н085рп199,М/Д
01.09.2011,00133,RENAULT,LOGAN SR,2009,н128рп199,М/Д
01.09.2011,00134,RENAULT,LOGAN SR,2009,н129рп199,М/Д
01.09.2011,00135,RENAULT,LOGAN SR,2009,н130рп199,М/Д
01.09.2011,00136,RENAULT,LOGAN SR,2009,н131рп199,М/Д
01.09.2011,00137,RENAULT,LOGAN SR,2009,н132рп199,М/Д
01.09.2011,00138,RENAULT,SR,2009,я751ре199,М/Д
01.09.2011,00139,RENAULр,SR,2009,я752ре199,М/Д
01.09.2011,00140,RENAULT,SR,2009,я671ре199,М/Д
01.09.2011,00141,RENAULT,SR,2009,я672ре199,М/Д
01.09.2011,00142,RENAULT,LOGAN SR,2009,я673ре199,М/Д
01.09.2011,00143,RENAULT,LOGAN SR,2009,я674ре199,М/Д
01.09.2011,00144,RENAULT,SR,2009,я675ре199,М/Д
01.09.2011,00145,RENAULT,LOGAN SR,2009,я766ре199,М/Д
01.09.2011,00146,RENAULT,LOGAN SR,2009,я767ре199,М/Д
01.09.2011,00147,RENAULT,SR,2009,я768ре199,М/Д
01.09.2011,00148,RENAULT,LOGAN SR,2009,я769ре199,М/Д
01.09.2011,00149,RENAULT,SR,2009,я770ре199,М/Д
01.09.2011,00150,RENAULT,SR,2009,я771ре199,М/Д
01.09.2011,00151,RENAULT,SR,2009,у190сл199,М/Д
01.09.2011,00152,RENAULT,SR,2009,у191сл199,М/Д
01.09.2011,00153,RENAULT,SR,2009,у201сл199,М/Д
01.09.2011,00154,RENAULT,SR,2009,у203сл199,М/Д
01.09.2011,00155,RENAULT,SR,2009,у204сл199,М/Д
01.09.2011,00156,RENAULT,SR,2011,л891йе197,М/Д
01.09.2011,00157,RENAULT,SR,2011,л893йе197,М/Д
01.09.2011,00158,RENAULT,SR,2011,л894йе197,М/Д
01.09.2011,00159,RENAULT,SR,2011,л895йе197,М/Д
01.09.2011,00160,RENAULT,SR,2011,л896йе197,М/Д
01.09.2011,00161,RENAULT,SR,2011,л897йе197,М/Д
01.09.2011,00162,RENAULT,SR,2011,л997йе197,М/Д
01.09.2011,00163,RENAULT,SR,2011,л998йе197,М/Д
01.09.2011,00164,A21,VORTEX ESTINA,2009,п584пя199,М/Д
01.09.2011,00165,FORD,FOCUS,2008,я432лю197,М/Д
01.09.2011,00166,CHEVROLET,KLAL (EPICA),2008,р660ею199,М/Д
01.09.2011,00167,FORD,FOCUS,2010,е048йе197,М/Д
01.09.2011,00168,CHEVROLET,KLAN J200/LACHETTI,2007,б680лр197,М/Д
01.09.2011,00169,GAZ,3110,2002,йю11677,фЕКРШИ
01.09.2011,00170,NISSAN,ALMERA 1.6 RE,2007,р408юс199,М/Д
01.09.2011,00171,CHEVROLET,KLAN (J200/LACETTI),2010,м593йб197,М/Д
01.09.2011,00172,CHEVROLET,KLAN (J200/LACETTI),2008,у806йе199,М/Д
01.09.2011,00173,CHEVROLET,LACETTI J200LACETTI,2008,ю227мр197,М/Д
01.09.2011,00174,HYUNDAI,SOLARIS,2012,я087рл197,М/Д
01.09.2011,00175,RENAULT,SR,2011,й447мю197,М/Д
01.09.2011,00176,RENAULT,SR,2011,й446мю197,М/Д
01.09.2011,00177,KIA,SPECTRA FB2272,2007,м044йм197,М/Д
01.09.2011,00178,RENAULT,SR,2011,й107лм197,М/Д
01.09.2011,00179,KIA,SPECTRA FB 2272,2008,р557юу197,М/Д
01.09.2011,00180,KIA,SPECTRA FB2272,2007,р893бм197,М/Д
01.09.2011,00181,RENAULT,SR,2011,й105лм197,М/Д
01.09.2011,00182,RENAULT,SR,2011,й106лм197,М/Д
01.09.2011,00183,RENAULT,SR,2011,м620мю197,М/Д
01.09.2011,00184,KIA,SPECTRA FB2273,2008,р317бм197,М/Д
01.09.2011,00185,RENAULT,SR,2011,й082лм197,М/Д
01.09.2011,00186,RENAULT,SR,2011,й083лм197,М/Д
01.09.2011,00187,RENAULT,SR,2011,м724мю197,М/Д
01.09.2011,00188,RENAULT,SR,2011,м622мю197,М/Д
01.09.2011,00189,KIA,SPECTRA FB2273,2009,р351бм197,М/Д
01.09.2011,00190,RENAULT,SR,2011,й445мю197,М/Д
01.09.2011,00191,KIA,SPECTRA FB2272,2008,р987юу197,М/Д
01.09.2011,00192,KIA,SPECTRA FB2272,2008,р986юу197,М/Д
01.09.2011,00193,RENAULT,SR,2011,м723мю197,М/Д
01.09.2011,00194,KIA,FV2272 (SRECTRA),2007,й475юп199,М/Д
01.09.2011,00195,RENAULT,LOGAN,2011,б691лр197,М/Д
01.09.2011,00196,RENAULT,SR,2011,р084йб197,М/Д
01.09.2011,00197,CHEVROLET,AVEO,2008,б107лб199,М/Д
01.09.2011,00198,HYUNDAI,XD ELANTRA,2010,й540яп199,М/Д
01.09.2011,00199,CHEVROLET,KLAN (J200/LACETTI),2009,я803сл199,М/Д
01.09.2011,00200,MITSUBISHI,LANCER 1.6,2004,р930ян97,М/Д
01.09.2011,00201,RENAULT,SR,2011,с395йя197,М/Д
01.09.2011,00202,RENAULT,ESPACE,2008,е060сй197,М/Д
01.09.2011,00203,CHEVROLET,AVEO,2008,м402яс99,М/Д
01.09.2011,00204,тнкэйябюцем,онкн,2011,л482мм197,вЕПМШИ
01.09.2011,00205,CITROEN,BERLINGO,2011,я345лй197,М/Д
01.09.2011,00206,CHEVROLET,KLAS ABEO,2010,н141еп197,М/Д
01.09.2011,00207,RENAULT,SR,2011,н584лб197,М/Д
01.09.2011,00208,RENAULT,LOGAN(SR),2008,с377йм199,М/Д
01.09.2011,00209,NISSAN,PRIMERA,1999,ю991нб199,М/Д
01.09.2011,00210,HYUNDAI,SOLARIS,2012,у238бй77,М/Д
01.09.2011,00211,HYUNDAI,SONATA,2010,ю620юм197,М/Д
01.09.2011,00212,MITSUBISHI,LANCER 1.5,2008,й936пя199,М/Д
01.09.2011,00213,NISSAN,QASHQAI 1.6,2010,п619ес197,М/Д
01.09.2011,00214,OPEL,ASTRA A-H,2011,б185нс190,М/Д
01.09.2011,00215,RENAULT,SR,2011,п991йм197,М/Д
01.09.2011,00216,CHEVROLET,LACETTI KLAN J200,2008,б517мл197,М/Д
01.09.2011,00217,CITROEN,BERLINGO,2006,б963пс199,М/Д
01.09.2011,00218,CITROEN,BERLINGO,2006,н618яю199,М/Д
01.09.2011,00219,CITROEN,BERLINGO,2005,л764йе197,М/Д
01.09.2011,00220,CITROEN,BERLINGO,2005,р538бй197,М/Д
01.09.2011,00221,CITROEN,BERLINGO,2005,л763йе197,М/Д
01.09.2011,00222,CITROEN,BERLINGO,2005,р539бй197,М/Д
01.09.2011,00223,CITROEN,DERLINGO,2005,е136рю199,М/Д
01.09.2011,00224,CITROEN,BERLINGO,2006,н688яю199,М/Д
01.09.2011,00225,CITROEN,BERLINGO,2006,б960пс199,М/Д
01.09.2011,00226,CITROEN,BERLINGO,2006,н620яю199,М/Д
01.09.2011,00227,CITROEN,BERLINGO,2005,е287рю199,М/Д
01.09.2011,00228,CITROEN,BERLINGO,2006,н621яю199,М/Д
01.09.2011,00229,CITROEN,BERLINGO,2006,н619яю199,М/Д
01.09.2011,00230,CITROEN,BERLINGO,2005,е137рю199,М/Д
01.09.2011,00231,CITROEN,BERLINGO,2005,е286рю199,М/Д
01.09.2011,00232,CITROEN,BERLINGO,2006,н615яю199,М/Д
01.09.2011,00233,CITROEN,BERLINGO,2006,н617яю199,М/Д
01.09.2011,00234,CITROEN,BERLINGO,2006,б959пс199,М/Д
01.09.2011,00235,CITROEN,BERLINGO,2006,р161ян199,М/Д
01.09.2011,00236,CITROEN,BERLINGO,2005,л765йе197,М/Д
01.09.2011,00237,CITROEN,BERLINGO,2005,е288рю199,М/Д
01.09.2011,00238,пемн,кнцюм SR,2007,м246ян37,М/Д
01.09.2011,00239,RENAULT,LOGAN (SR),2006,р391нб177,М/Д
01.09.2011,00240,KIA,CERATO,2010,б978сй116,М/Д
01.09.2011,00241,CHEVROLET,KLAN (J200/LACETTI),2008,н693мп197,М/Д
01.09.2011,00242,HYUNDAI,SONATA,2007,л778ср177,М/Д
01.09.2011,00243,FORD,MONDEO,2011,с356мр197,М/Д
01.09.2011,00244,NISSAN,PRIMERA,1999,м856пн199,М/Д
01.09.2011,00245,HONDA,CIVIC,2008,б769юм197,М/Д
01.09.2011,00246,TOYOTA,CAMRY,2006,с855бе197,М/Д
01.09.2011,00247,MAZDA,3,2008,р724ле199,М/Д
01.09.2011,00248,TOYOTA,CAMRY,2008,у562нп199,М/Д
01.09.2011,00249,FORD,FOCUS,2008,п512юм777,М/Д
01.09.2011,00250,CHEVROLET,LACETTI,2009,у453бе190,М/Д
01.09.2011,00251,HYUNDAI,ACCENT,2007,п126сю177,М/Д
01.09.2011,00252,KIA,CERATO,2010,с533йн197,М/Д
01.09.2011,00253,MAZDA,6,2010,л150лн197,М/Д
01.09.2011,00254,TOYOTA,CAMRY,2010,н971юе77,М/Д
01.09.2011,00255,FORD,FOCUS,2010,я274бя197,М/Д
01.09.2011,00256,SKODA,OCTAVIA,2009,ю016пн199,М/Д
01.09.2011,00257,CHEVROLET,LACETTI KLAN(J200),2012,с949уу197,М/Д
01.09.2011,00258,KIA,ED CEED,2011,б365лн197,М/Д
01.09.2011,00259,SKODA,OKTAVIY TOUR,2009,ю813яу199,М/Д
01.09.2011,00260,KIA JD,CEE'D,2012,р742еб77,М/Д
01.09.2011,00261,HYUNDAI,ELANTRA,2005,р821нм190,М/Д
01.09.2011,00262,KIA,SPEKTRA (FB2272),2008,с283юм197,М/Д
01.09.2011,00263,CHEVROLET,KLAN J200 LACHETTI,2010,л463бн197,М/Д
01.09.2011,00264,FORD,тнйся,2009,й730юл190,М/Д
01.09.2011,00265,SKODA,OCTAVIA,2008,н431йю199,М/Д
01.09.2011,00266,SKODA,OCTAVIA,2010,р946бу197,М/Д
01.09.2011,00267,KIA,ED CEED,2010,п782лм190,М/Д
01.09.2011,00268,HYUNDAI,SONATA,2005,п325ру199,М/Д
01.09.2011,00269,CHEVROLET,ORLANDO,2012,б752сс190,М/Д
01.09.2011,00270,пемн,SR/RENO SR,2010,м256лб37,М/Д
01.09.2011,00271,FORD,FOCUS,2010,с216уп199,М/Д
01.09.2011,00272,VOLKSWAGEN,PASSAT TDI,1999,е517рю177,М/Д
01.09.2011,00273,CHEVROLET,KLAN (J200/LACETTI),2010,н511йп190,М/Д
01.09.2011,00274,CHEVROLET KLAN J200,LACETTI,2011,р702лр197,М/Д
01.09.2011,00275,CHEVROLET KLAN G200,CHEVROLETL,2011,р703лр197,М/Д
01.09.2011,00276,CHEVROLET KLAN J200,CHEVROLETL,2011,р372лр197,М/Д
01.09.2011,00277,CHEVROLET KLAN J200,LACETTI,2011,р374лр197,М/Д
01.09.2011,00278,CHEVROLET KLAN J200,LACETTI,2011,р371лр197,М/Д
01.09.2011,00279,CHEVROLET KLAN J200,LACETTI,2011,м518ле197,М/Д
01.09.2011,00280,CHEVROLET KLAN J200,LACETTI,2011,м538ле197,М/Д
01.09.2011,00281,CHEVROLET KLAN J200,LACETTI,2011,м610ле197,М/Д
01.09.2011,00282,CHEVROLET KLAN J200,CHEVROLETL,2011,м680ле197,М/Д
01.09.2011,00283,CHEVROLET KLAN J200,LACETTI,2011,м519ле197,М/Д
01.09.2011,00284,CHERY,A21,2008,у551мя197,М/Д
01.09.2011,00285,CHERY,A21,2008,у375мя197,М/Д
01.09.2011,00286,CHERY,A21,2008,у123мя197,М/Д
01.09.2011,00287,CHERY,A21,2008,у552мя197,М/Д
01.09.2011,00288,CHERY,A21,2008,у122мя197,М/Д
01.09.2011,00289,CHEVROLET KLAN J200,CHEVROLETL,2010,у151йу197,М/Д
01.09.2011,00290,CHEVROLET KLAN J200,LACETTI,2010,ю635йп197,М/Д
01.09.2011,00291,CHEVROLET KLAN J200,LACETTI,2010,ю632йп197,М/Д
01.09.2011,00292,CHEVROLET KLAN J200,LACETTI,2011,п761йу197,М/Д
01.09.2011,00293,CHEVROLET KLAN J200,CHEVROLETL,2010,ю633йп197,М/Д
01.09.2011,00294,CHEVROLET KLAN,J200 LACETTI,2011,у155йу197,М/Д
01.09.2011,00295,CHEVROLET KLAN J200,LACETTI,2010,ю634йп197,М/Д
01.09.2011,00296,CHEVROLET KLAN J200,LACETTI,2010,у161йу197,М/Д
01.09.2011,00297,CHEVROLET KLAN J200,CHEVROLETL,2010,ю267йп197,М/Д
01.09.2011,00298,CHEVROLET KLAN J200,CHEVROLETL,2011,у154йу197,М/Д
01.09.2011,00299,CHEVROLET KLAN J200,LACETTI,2011,у156йу197,М/Д
01.09.2011,00300,CHEVROLET KLAN J200,LACETTI,2010,ю630йп197,М/Д
01.09.2011,00301,CHEVROLET KLAN J200,LACETTI,2010,п762йу197,М/Д
01.09.2011,00302,CHEVROLET KLAN J200,CHEVROLETL,2010,ю365йп197,М/Д
01.09.2011,00303,CHEVROLET KLAN J200,CHEVROLETL,2010,ю366йп197,М/Д
01.09.2011,00304,CHEVROLET KLAN J200,LACETTI,2010,ю631йп197,М/Д
01.09.2011,00305,MITSUBISHI,LANSER 2.0,2007,е826ур177,М/Д
01.09.2011,00306,HYUNDAI,TRAJET 2.0,2005,б472сн150,М/Д
01.09.2011,00307,PEUGEOT,408,2007,п393ун177,М/Д
01.09.2011,00308,тнкэйябюцем,SHARAN,1999,л186йл40,М/Д
01.09.2011,00309,NISSAN,PRIMERA1.8,2004,ю376мя177,М/Д
01.09.2011,00310,FORD,FOCUS,2010,б599сп77,М/Д
01.09.2011,00311,CHEVROLET,KLAN (J200/LACETTI),2010,у130йе197,М/Д
01.09.2011,00312,FORD,GALAXY,2007,р522рю199,М/Д
01.09.2011,00313,TOYOTA,CAMRY,2011,м055мн199,дПСЦНИ ЖБЕР
01.09.2011,00314,RENAULT,SR,2010,р544бя197,М/Д
01.09.2011,00315,RENAULT,SR,2011,н541йл197,М/Д
01.09.2011,00316,RENAULT,SR,2010,у096ер197,М/Д
01.09.2011,00317,RENAULT,SR,2010,б789ея197,М/Д
01.09.2011,00318,RENAULT,LOGAN SR,2008,н163еу199,М/Д
01.09.2011,00319,RENAULT,SR,2011,л809йл197,М/Д
01.09.2011,00320,RENAULT,FLUENCE,2010,й823лю197,М/Д
01.09.2011,00321,RENAULT,SR,2010,у613ер197,М/Д
01.09.2011,00322,RENAULT,SR,2011,б652йр197,М/Д
01.09.2011,00323,RENAULT,SR,2010,й311ср199,М/Д
01.09.2011,00324,RENAULT,SR,2011,б673йр197,М/Д
01.09.2011,00325,RENAULT,SR,2010,е755сй197,М/Д
01.09.2011,00326,RENAULT,SR,2011,л817йл197,М/Д
01.09.2011,00327,RENAULT,FLUENCE,2010,л765ле197,М/Д
01.09.2011,00328,RENAULT,SR,2011,л841йе197,М/Д
01.09.2011,00329,RENAULT,SR,2010,р547бя197,М/Д
01.09.2011,00330,RENAULT,SR,2009,л765сю199,М/Д
01.09.2011,00331,RENAULT,SR,2011,б451йр197,М/Д
01.09.2011,00332,RENAULT,SR,2009,у192сл199,М/Д
01.09.2011,00333,RENAULT,SR,2011,л810йл197,М/Д
01.09.2011,00334,RENAULT,SR,2011,б680йр197,М/Д
01.09.2011,00335,RENAULT,FLUENCE,2010,й814лю197,М/Д
01.09.2011,00336,RENAULT,SR,2009,у205сл199,М/Д
01.09.2011,00337,RENAULT,SR,2011,б453йр197,М/Д
01.09.2011,00338,RENAULT,SR,2011,н538йл197,М/Д
01.09.2011,00339,RENAULT,SR,2010,н496юб77,М/Д
01.09.2011,00340,RENAULT,SR,2010,й584ср199,М/Д
01.09.2011,00341,RENAULT,LOGAN SR,2008,н166еу199,М/Д
01.09.2011,00342,RENAULT,SR,2011,н542йл197,М/Д
01.09.2011,00343,RENAULT,FLUENCE,2010,л776ле197,М/Д
01.09.2011,00344,RENAULT,SR,2010,б785ея197,М/Д
01.09.2011,00345,RENAULT,FLUENCE,2010,л782ле197,М/Д
01.09.2011,00346,RENAULT,SR,2010,б784ея197,М/Д
01.09.2011,00347,RENAULT,SR,2011,б655йр197,М/Д
01.09.2011,00348,RENAULT,SR,2010,у619ер197,М/Д
01.09.2011,00349,RENAULT,SR,2009,я492ся199,М/Д
01.09.2011,00350,RENAULT,SR,2010,р482бя197,М/Д
01.09.2011,00351,RENAULT,SR,2011,б687йр197,М/Д
01.09.2011,00352,RENAULT,SR,2011,б672йр197,М/Д
01.09.2011,00353,RENAULT,SR,2010,р550бя197,М/Д
01.09.2011,00354,RENAULT,FLUENCE,2010,й824лю197,М/Д
01.09.2011,00355,RENAULT,SR,2011,л818йл197,М/Д
01.09.2011,00356,RENAULT,SR,2011,л814йл197,М/Д
01.09.2011,00357,RENAULT,SR,2009,л837сю199,М/Д
01.09.2011,00358,RENAULT,SR,2010,б786ея197,М/Д
01.09.2011,00359,RENAULT,SR,2009,н406еу197,М/Д
01.09.2011,00360,RENAULT,SR,2010,р899бя197,М/Д
01.09.2011,00361,RENAULT,SR,2009,я487ся199,М/Д
01.09.2011,00362,RENAULT,SR,2009,л830сю199,М/Д
01.09.2011,00363,RENAULT,SR,2010,у614ер197,М/Д
01.09.2011,00364,RENAULT,SR,2011,б654йр197,М/Д
01.09.2011,00365,RENAULT,SR,2010,б856ея197,М/Д
01.09.2011,00366,RENAULT,FLUENCE,2010,й812лю197,М/Д
01.09.2011,00367,RENAULT,SR,2009,у194сл199,М/Д
01.09.2011,00368,RENAULT,LOGAN SR,2008,н173еу199,М/Д
01.09.2011,00369,RENAULT,FLUENCE,2010,еп39277,яепн-цнксани
01.09.2011,00370,RENAULT,SR,2010,р483бя197,М/Д
01.09.2011,00371,RENAULT,SR,2009,л764сю199,М/Д
01.09.2011,00372,RENAULT,SR,2009,я489ся199,М/Д
01.09.2011,00373,RENAULT,SR,2009,л922сю199,М/Д
01.09.2011,00374,RENAULT,SR,2010,р546бя197,М/Д
01.09.2011,00375,RENAULT,FLUENCE,2010,й822лю197,М/Д
01.09.2011,00376,RENAULT,SR,2009,л982сю199,М/Д
01.09.2011,00377,RENAULT,SR,2009,м632ур199,М/Д
01.09.2011,00378,RENAULT,SR,2011,л813йл197,М/Д
01.09.2011,00379,RENAULT,SR,2011,б681йр197,М/Д
01.09.2011,00380,RENAULT,LOGAN SR,2008,н171еу199,М/Д
01.09.2011,00381,RENAULT,SR,2010,я912ся199,М/Д
01.09.2011,00382,RENAULT,SR,2010,й204ср199,М/Д
01.09.2011,00383,RENAULT,SR,2010,б625ея197,М/Д
01.09.2011,00384,RENAULT,FLUENCE,2010,й816лю197,М/Д
01.09.2011,00385,RENAULT,FLUENCE,2010,л762ле197,М/Д
01.09.2011,00386,RENAULT,SR,2009,л772сю199,М/Д
01.09.2011,00387,RENAULT,SR,2011,б674йр197,М/Д
01.09.2011,00388,RENAULT,SR,2010,й578ср199,М/Д
01.09.2011,00389,RENAULT,SR,2009,я490ся199,М/Д
01.09.2011,00390,RENAULT,SR,2010,н998йл197,М/Д
01.09.2011,00391,RENAULT,SR,2011,н540йл197,М/Д
01.09.2011,00392,RENAULT,SR,2011,л845йе197,М/Д
01.09.2011,00393,RENAULT,SR,2011,б675йр197,М/Д
01.09.2011,00394,RENAULT,SR,2011,б689йр197,М/Д
01.09.2011,00395,RENAULT,SR,2010,я906ся199,М/Д
01.09.2011,00396,RENAULT,SR,2011,л807йл197,М/Д
01.09.2011,00397,RENAULT,SR,2009,л983сю199,М/Д
01.09.2011,00398,RENAULT,SR,2009,у206сл199,М/Д
01.09.2011,00399,RENAULT,SR,2010,б497ея197,М/Д
01.09.2011,00400,RENAULT,SR,2009,л984сю199,М/Д
01.09.2011,00401,RENAULT,SR,2011,б653йр197,М/Д
01.09.2011,00402,RENAULT,SR,2011,б690йр197,М/Д
01.09.2011,00403,RENAULT,SR,2010,у615ер197,М/Д
01.09.2011,00404,RENAULT,SR,2011,б656йр197,М/Д
01.09.2011,00405,RENAULT,SR,2009,л985сю199,М/Д
01.09.2011,00406,RENAULT,SR,2009,л988сю199,М/Д
01.09.2011,00407,RENAULT,SR,2010,й203ср199,М/Д
01.09.2011,00408,RENAULT,SR,2010,у621ер197,М/Д
01.09.2011,00409,RENAULT,SR,2010,р976бя197,М/Д
01.09.2011,00410,RENAULT,SR,2009,л770сю199,М/Д
01.09.2011,00411,RENAULT,SR,2009,у193сл199,М/Д
01.09.2011,00412,RENAULT,SR,2010,я907ся199,М/Д
01.09.2011,00413,RENAULT,SR,2011,б688йр197,М/Д
01.09.2011,00414,RENAULT,SR,2009,л986сю199,М/Д
01.09.2011,00415,RENAULT,SR,2009,л771сю199,М/Д
01.09.2011,00416,RENAULT,SR,2010,у616ер197,М/Д
01.09.2011,00417,RENAULT,SR,2010,б493ея197,М/Д
01.09.2011,00418,RENAULT,SR,2011,л842йе197,М/Д
01.09.2011,00419,RENAULT,FLUENCE,2010,л764ле197,М/Д
01.09.2011,00420,RENAULT,SR,2011,б475йр197,М/Д
01.09.2011,00421,RENAULT,LOGAN SR,2008,н164еу199,М/Д
01.09.2011,00422,RENAULT,FLUENCE,2010,л766ле197,М/Д
01.09.2011,00423,RENAULT,LOGAN SR,2008,н162еу199,М/Д
01.09.2011,00424,RENAULT,FLUENCE,2010,еп40277,яепши
01.09.2011,00425,RENAULT,SR,2011,б471йр197,М/Д
01.09.2011,00426,RENAULT,SR,2010,й205ср199,М/Д
01.09.2011,00427,RENAULT,SR,2010,й581ср199,М/Д
01.09.2011,00428,RENAULT,SR,2010,б496ея197,М/Д
01.09.2011,00429,RENAULT,FLUENCE,2010,еп39677,яепн-цнксани
01.09.2011,00430,RENAULT,FLUENCE,2010,й815лю197,М/Д
01.09.2011,00431,RENAULT,SR,2011,л844йе197,М/Д
01.09.2011,00432,RENAULT,SR,2010,я908ся199,М/Д
01.09.2011,00433,RENAULT,SR,2010,р545бя197,М/Д
01.09.2011,00434,RENAULT,SR,2009,я491ся199,М/Д
01.09.2011,00435,RENAULT,SR,2009,л769сю199,М/Д
01.09.2011,00436,RENAULT,SR,2010,у617ер197,М/Д
01.09.2011,00437,RENAULT,SR,2011,б472йр197,М/Д
01.09.2011,00438,RENAULT,SR,2011,л806йл197,М/Д
01.09.2011,00439,RENAULT,SR,2009,л831сю199,М/Д
01.09.2011,00440,RENAULT,LOGAN SR,2008,н172еу199,М/Д
01.09.2011,00441,RENAULT,SR,2011,л815йл197,М/Д
01.09.2011,00442,RENAULT,SR,2010,б853ея197,М/Д
01.09.2011,00443,RENAULT,SR,2011,б454йр197,М/Д
01.09.2011,00444,RENAULT,SR,2009,у195сл199,М/Д
01.09.2011,00445,RENAULT,SR,2010,й579ср199,М/Д
01.09.2011,00446,RENAULT,SR,2009,л921сю199,М/Д
01.09.2011,00447,RENAULT,SR,2010,р548бя197,М/Д
01.09.2011,00448,RENAULT,SR,2011,б473йр197,М/Д
01.09.2011,00449,RENAULT,SR,2011,л843йе197,М/Д
01.09.2011,00450,RENAULT,LOGAN SR,2008,м830ур199,М/Д
01.09.2011,00451,RENAULT,SR,2010,я905ся199,М/Д
01.09.2011,00452,RENAULT,LOGAN SR,2010,й309ср199,М/Д
01.09.2011,00453,RENAULT,SR,2009,л980сю199,М/Д
01.09.2011,00454,RENAULT,SR,2010,я913ся199,М/Д
01.09.2011,00455,RENAULT,SR,2011,н539йл197,М/Д
01.09.2011,00456,RENAULT,SR,2010,р543бя197,М/Д
01.09.2011,00457,RENAULT,SR,2009,л768сю199,М/Д
01.09.2011,00458,RENAULT,SR,2010,б854ея197,М/Д
01.09.2011,00459,RENAULT,FLUENCE,2010,еп39777,яепши
01.09.2011,00460,RENAULT,FLUENCE,2010,л781ле197,М/Д
01.09.2011,00461,RENAULT,SR,2011,л811йл197,М/Д
01.09.2011,00462,RENAULT,SR,2010,й312ср199,М/Д
01.09.2011,00463,RENAULT,SR,2010,р480бя197,М/Д
01.09.2011,00464,RENAULT,SR,2011,н543йл197,М/Д
01.09.2011,00465,RENAULT,SR,2011,б679йр197,М/Д
01.09.2011,00466,RENAULT,SR,2011,б452йр197,М/Д
01.09.2011,00467,RENAULT,SR,2010,й583ср199,М/Д
01.09.2011,00468,RENAULT,SR,2010,р549бя197,М/Д
01.09.2011,00469,RENAULT,SR,2010,р897бя197,М/Д
01.09.2011,00470,RENAULT,LOGAN SR,2008,н169еу199,М/Д
01.09.2011,00471,RENAULT,LOGAN SR,2008,н161еу199,М/Д
01.09.2011,00472,RENAULT,SR,2009,я484ся199,М/Д
01.09.2011,00473,RENAULT,SR,2010,б056йс77,М/Д
01.09.2011,00474,RENAULT,SR,2011,б651йр197,М/Д
01.09.2011,00475,RENAULT,SR,2009,л832сю199,М/Д
01.09.2011,00476,RENAULT,SR,2010,б491ея197,М/Д
01.09.2011,00477,RENAULT,SR,2011,б455йр197,М/Д
01.09.2011,00478,RENAULT,SR,2010,й200ср199,М/Д
01.09.2011,00479,RENAULT,SR,2009,л834сю199,М/Д
01.09.2011,00480,RENAULT,FLUENCE,2010,л780ле197,М/Д
01.09.2011,00481,RENAULT,LOGAN SR,2008,н170еу199,М/Д
01.09.2011,00482,RENAULT,FLUENCE,2010,л763ле197,М/Д
01.09.2011,00483,RENAULT,LOGAN SR,2008,н165еу199,М/Д
01.09.2011,00484,RENAULT,SR,2009,л767сю199,М/Д
01.09.2011,00485,RENAULT,SR,2009,л766сю199,М/Д
01.09.2011,00486,RENAULT,SR,2010,у612ер197,М/Д
01.09.2011,00487,RENAULT,SR,2009,л839сю199,М/Д
01.09.2011,00488,RENAULT,SR,2010,й201ср199,М/Д
01.09.2011,00489,RENAULT,SR,2010,у618ер197,М/Д
01.09.2011,00490,RENAULT,SR,2009,л773сю199,М/Д
01.09.2011,00491,RENAULT,SR,2011,б678йр197,М/Д
01.09.2011,00492,RENAULT,FLUENCE,2010,л779ле197,М/Д
01.09.2011,00493,RENAULT,SR,2010,р481бя197,М/Д
01.09.2011,00494,RENAULT,SR,2010,й582ср199,М/Д
01.09.2011,00495,RENAULT,SR,2010,б851ея197,М/Д
01.09.2011,00496,RENAULT,SR,2010,я910ся199,М/Д
01.09.2011,00497,RENAULT,SR,2010,р896бя197,М/Д
01.09.2011,00498,RENAULT,SR,2011,б682йр197,М/Д
01.09.2011,00499,RENAULT,SR,2010,й307ср199,М/Д
01.09.2011,00500,RENAULT,SR,2009,я486ся199,М/Д
01.09.2011,00501,RENAULT,SR,2010,й310ср199,М/Д
01.09.2011,00502,RENAULT,SR,2010,я911ся199,М/Д
01.09.2011,00503,RENAULT,SR,2009,л836сю199,М/Д
01.09.2011,00504,RENAULT,SR,2011,б685йр197,М/Д
01.09.2011,00505,RENAULT,SR,2010,р977бя197,М/Д
01.09.2011,00506,RENAULT,SR,2011,б684йр197,М/Д
01.09.2011,00507,RENAULT,SR,2010,я904ся199,М/Д
01.09.2011,00508,RENAULT,SR,2009,л833сю199,М/Д
01.09.2011,00509,RENAULT,SR,2010,б498ея197,М/Д
01.09.2011,00510,RENAULT,SR,2010,б490ея197,М/Д
01.09.2011,00511,RENAULT,SR,2010,у620ер197,М/Д
01.09.2011,00512,RENAULT,SR,2009,л920сю199,М/Д
01.09.2011,00513,RENAULT,SR,2011,л840йе197,М/Д
01.09.2011,00514,RENAULT,SR,2010,й308ср199,М/Д
01.09.2011,00515,RENAULT,SR,2010,р484бя197,М/Д
01.09.2011,00516,RENAULT,SR,2010,б489ея197,М/Д
01.09.2011,00517,HYUNDAI,GETZ GLS MT,2007,е632бп197,М/Д
01.09.2011,00518,FORD,FOCUS,2010,й605ну71,М/Д
01.09.2011,00519,VOLKSWAGEN,2 K SADDY,2008,с527лб199,М/Д
01.09.2011,00520,FORD,MONDEO,2008,л806ес199,М/Д
01.09.2011,00521,CHEVROLET,KLAN (J200/LACETTI),2011,б695мм197,дПСЦНИ ЖБЕР
01.09.2011,00522,DAEWOO,NEXIA,2006,у797ес177,М/Д
01.09.2011,00523,LANDMARK,BQ6473SG 4WD,2007,ю282йб199,М/Д
01.09.2011,00524,RENAULT,LATITUDE,2010,я722йл197,М/Д
01.09.2011,00525,KIA,FG,2009,б369сй199,М/Д
01.09.2011,00526,KIA,DE (JB/RIO),2011,ю175йп197,М/Д
01.09.2011,00527,FORD,FOCUS,2007,я966лю197,М/Д
01.09.2011,00528,DAEWOO,NEXIA,2011,е063нм190,М/Д
01.09.2011,00529,DAEWOO,NEXIA,2011,е061нм190,М/Д
01.09.2011,00530,DAEWOO,NEXIA,2011,е059нм190,М/Д
01.09.2011,00531,RENO,SR,2011,м547лр37,М/Д
01.09.2011,00532,MITSUBISHI,LANCER 1.8,2008,б776яя199,М/Д
01.09.2011,00533,RENAULT,FLUENCE,2010,р785пя197,М/Д
01.09.2011,00534,RENAULT,MEGANE,2007,п110бл199,М/Д
01.09.2011,00535,IRAN KHODRO,SAMAND,2007,м642яб48,М/Д
01.09.2011,00536,CHEVROLET,LANOS,2008,у613ял199,М/Д
01.09.2011,00537,FIAT - 178CYN1A,ALBEA,2007,н533йй150,М/Д
01.09.2011,00538,FORD,FOCUS,2010,ю168бн197,М/Д
01.09.2011,00539,CHEVROLET,CRUZE,2010,л139юр197,М/Д
01.09.2011,00540,GREAT WALL,яя6460йл27,2011,й517мс190,М/Д
01.09.2011,00541,HYUNDAI,NF 2.4 GILS,2006,с155мн199,М/Д
01.09.2011,00542,HYUNDAI,ACCENT,2008,я127ея199,М/Д
01.09.2011,00543,CITROEN,C4,2011,й930лс197,М/Д
01.09.2011,00544,KIA,SID,2008,у885юр199,М/Д
01.09.2011,00545,RENAULT,SR,2010,л568юй197,М/Д
01.09.2011,00546,CHEVROLET,CRUZE,2010,п032бе197,М/Д
01.09.2011,00547,DODGE,CARAVAN,2001,с537ре199,М/Д
01.09.2011,00548,CHEVROLET,KLAN (J200/SHEVROLE,2007,у841ун177,М/Д
01.09.2011,00549,HYUNDAI,TUKSON,2006,у169лн177,М/Д
01.09.2011,00550,OPEL,ASTRA,2006,й654юл197,М/Д
01.09.2011,00551,OPEL,ASTRA,2006,ю042ля197,М/Д
01.09.2011,00552,OPEL,ASTRA,2007,у115ею197,М/Д
01.09.2011,00553,CHEVROLET,KLAN J200/LACHETTI,2006,я154мп197,М/Д
01.09.2011,00554,RENAULT,SR,2009,р607юе190,М/Д
01.09.2011,00555,RENAULT,MEGANE,2009,с421уй199,М/Д
01.09.2011,00556,PEUGEOT,PARTNER,2012,е137рс197,М/Д
01.09.2011,00557,NISSAN,"ALMERA 1,5",2004,р579пю177,М/Д
01.09.2011,00558,RENAULT,SR,2010,н985ел197,М/Д
01.09.2011,00559,RENAULT,SR,2011,й348лй197,М/Д
01.09.2011,00560,RENAULT,SR,2011,я802лб197,М/Д
01.09.2011,00561,RENAULT,SR,2010,п382юй197,М/Д
01.09.2011,00562,RENAULT,SR,2010,м647юс197,М/Д
01.09.2011,00563,RENAULT,SR,2011,й349лй197,М/Д
01.09.2011,00564,RENAULT,LOGAN SR,2008,ю726лл99,дПСЦНИ ЖБЕР
01.09.2011,00565,RENAULT,SR,2009,м119се199,М/Д
01.09.2011,00566,RENAULT,SR,2008,н824сп99,М/Д
01.09.2011,00567,RENAULT,SR,2008,б467уе77,М/Д
01.09.2011,00568,RENAULT,LOGAN SR,2008,ю751лл99,М/Д
01.09.2011,00569,RENAULT,SR,2010,м721юс197,М/Д
01.09.2011,00570,RENAULT,SR,2011,я804лб197,М/Д
01.09.2011,00571,RENAULT,SR,2011,я806лб197,М/Д
01.09.2011,00572,RENAULT,SR,2010,п378юй197,М/Д
01.09.2011,00573,RENAULT,SR,2008,ю134бн199,М/Д
01.09.2011,00574,RENAULT,SR,2008,ю133бн199,М/Д
01.09.2011,00575,RENAULT,SR,2010,м722юс197,М/Д
01.09.2011,00576,RENAULT,SR,2010,м723юс197,М/Д
01.09.2011,00577,RENAULT,SR,2010,м650юс197,М/Д
01.09.2011,00578,RENAULT,SR,2010,м726юс197,М/Д
01.09.2011,00579,RENAULT,SR,2008,ю135бн199,М/Д
01.09.2011,00580,RENAULT,SR,2010,п386юй197,дПСЦНИ ЖБЕР
01.09.2011,00581,RENAULT,SR,2010,п383юй197,М/Д
01.09.2011,00582,RENAULT,SR,2010,п381юй197,М/Д
01.09.2011,00583,RENAULT,SR,2010,п384юй197,М/Д
01.09.2011,00584,RENAULT,SR,2011,й346лй197,М/Д
01.09.2011,00585,RENAULT,SR,2011,й347лй197,М/Д
01.09.2011,00586,RENAULT,LOGAN SR,2008,ю723лл99,М/Д
01.09.2011,00587,RENAULT,SR,2010,п385юй197,М/Д
01.09.2011,00588,RENAULT,SR,2009,м118се199,М/Д
01.09.2011,00589,RENAULT,SR,2008,ю129бн199,М/Д
01.09.2011,00590,RENAULT,SR,2011,я805лб197,М/Д
01.09.2011,00591,RENAULT,SR,2008,ю130бн199,М/Д
01.09.2011,00592,RENAULT,SR,2009,б676пб197,М/Д
01.09.2011,00593,RENAULT,LOGAN SR,2008,ю725лл99,М/Д
01.09.2011,00594,RENAULT,SR,2010,п377юй197,М/Д
01.09.2011,00595,RENAULT,SR,2010,п379юй197,М/Д
01.09.2011,00596,RENAULT,SR,2010,м725юс197,М/Д
01.09.2011,00597,RENAULT,SR,2010,м724юс197,М/Д
01.09.2011,00598,RENAULT,SR,2011,й345лй197,М/Д
01.09.2011,00599,RENAULT,SR,2008,ю132бн199,М/Д
01.09.2011,00600,RENAULT,SR,2010,п380юй197,М/Д
01.09.2011,00601,RENAULT,SR,2008,р670пс77,М/Д
01.09.2011,00602,RENAULT,SR,2010,м648юс197,М/Д
01.09.2011,00603,RENAULT,SR,2009,м939се199,М/Д
01.09.2011,00604,RENAULT,LOGAN SR,2008,ю724лл99,М/Д
01.09.2011,00605,RENAULT,SR,2011,я803лб197,М/Д
01.09.2011,00606,RENAULT,SR,2010,м649юс197,М/Д
01.09.2011,00607,RENAULT,SR,2008,ю136бн199,М/Д
01.09.2011,00608,RENAULT,LOGAN,2011,с038нб190,М/Д
01.09.2011,00609,CHEVROLET,CRUSE,2010,у744йс197,М/Д
01.09.2011,00610,CHEVROLET,KLAN J200/CHEVROLETL,2011,й714ля197,М/Д
01.09.2011,00611,RENAULT,MEGAN II EKH2SE 110 3S,2008,п623лб199,М/Д
01.09.2011,00612,SKODA,OCTAVIA,2011,с523ме197,М/Д
01.09.2011,00613,SKODA,OCTAVIA,2011,с601ме197,аЕКШИ
01.09.2011,00614,SKODA,OCTAVIA,2011,у771лн197,М/Д
01.09.2011,00615,SKODA,OCTAVIA,2011,й950лю197,М/Д
01.09.2011,00616,SKODA,OCTAVIA,2011,йр21177,дПСЦНИ ЖБЕР
01.09.2011,00617,SKODA,OCTAVIA,2011,п795уп77,М/Д
01.09.2011,00618,SKODA,OCTAVIA,2011,й951лю197,дПСЦНИ ЖБЕР
01.09.2011,00619,SKODA,OCTAVIA,2011,б155йр197,М/Д
01.09.2011,00620,SKODA,OCTAVIA,2011,п987йя197,М/Д
01.09.2011,00621,SKODA,OCTAVIA,2011,б158йр197,М/Д
01.09.2011,00622,SKODA,OCTAVIA,2011,йр14077,яепши
01.09.2011,00623,SKODA,OCTAVIA,2011,б153йр197,дПСЦНИ ЖБЕР
01.09.2011,00624,SKODA,OCTAVIA,2011,й952лю197,дПСЦНИ ЖБЕР
01.09.2011,00625,SKODA,OCTAVIA,2011,у118лн197,М/Д
01.09.2011,00626,SKODA,OCTAVIA,2011,с524ме197,М/Д
01.09.2011,00627,SKODA,OCTAVIA,2011,с525ме197,М/Д
01.09.2011,00628,SKODA,OCTAVIA,2011,с602ме197,М/Д
01.09.2011,00629,SKODA,OCTAVIA,2011,е253мн197,М/Д
01.09.2011,00630,SKODA,OCTAVIA,2011,лб52877,дПСЦНИ ЖБЕР
01.09.2011,00631,SKODA,OCTAVIA,2011,лб58877,фЕКРШИ
01.09.2011,00632,HYUNDAI,NF SONATA,2008,у331пн199,М/Д
01.09.2011,00633,HYUNDAI,NF SONATA 2.0 CLAT,2000,у503яс199,дПСЦНИ ЖБЕР
01.09.2011,00634,SKODA,OCTAVIA,2011,е255мн197,М/Д
01.09.2011,00635,SKODA,OCTAVIA,2011,б157йр197,М/Д
01.09.2011,00636,SKODA,OCTAVIA,2011,лб40477,дПСЦНИ ЖБЕР
01.09.2011,00637,SKODA,OCTAVIA,2011,йл51977,дПСЦНИ ЖБЕР
01.09.2011,00638,SKODA,OCTAVIA,2011,п986йя197,М/Д
01.09.2011,00639,SKODA,SUPERB,2011,у124лн197,вЕПМШИ
01.09.2011,00640,SKODA,SUPERB,2011,йл47177,вЕПМШИ
01.09.2011,00641,SKODA,SUPERB,2011,я874лр197,вЕПМШИ
01.09.2011,00642,SKODA,SUPERB,2011,я873лр197,вЕПМШИ
01.09.2011,00643,SKODA,SUPERB,2011,у770лн197,вЕПМШИ
01.09.2011,00644,SKODA,SUPERB,2011,у769лн197,вЕПМШИ
01.09.2011,00645,SKODA,SUPERB,2011,у768лн197,вЕПМШИ
01.09.2011,00646,SKODA,SUPERB,2011,у123лн197,вЕПМШИ
01.09.2011,00647,SKODA,SUPERB,2011,йл50077,вЕПМШИ
01.09.2011,00648,SKODA,SUPERB,2011,е248мн197,вЕПМШИ
01.09.2011,00649,SKODA,SUPERB,2011,е254мн197,вЕПМШИ
01.09.2011,00650,SKODA,SUPERB,2011,е249мн197,вЕПМШИ
01.09.2011,00651,VAZ,21053,1999,я428бб197,М/Д
01.09.2011,00652,VAZ,111730,2010,л958бн197,М/Д
01.09.2011,00653,FORD,FOCUS,2010,я659йб197,М/Д
01.09.2011,00654,OPEL,ZAFIRA,2011,у044пм197,М/Д
01.09.2011,00655,TOYOTA,SAMRY,2010,л472уу199,М/Д
01.09.2011,00656,FORD,FOCUS,2010,м232бн190,М/Д
01.09.2011,00657,FORD,MONDEO,2011,ю712мй197,М/Д
01.09.2011,00658,FORD,FOCUS,2008,р562нр199,М/Д
01.09.2011,00659,CHEVROLET,ORLANDO,2012,н326уп197,М/Д
01.09.2011,00660,MITSUBISHI,LANCER 1.5,2010,п810юн197,М/Д
01.09.2011,00661,RENAULT,FLUENCE,2010,р840юп197,М/Д
01.09.2011,00662,VOLVO,V70,2002,б414бй197,М/Д
01.09.2011,00663,MITSUBISHI,GALANT,1998,р775ум199,М/Д
01.09.2011,00664,MERCEDES-BENZ,S500,1999,м775лр197,М/Д
01.09.2011,00665,TOYOTA,COROLLA,2008,р011ун150,М/Д
01.09.2011,00666,FORD,FOCUS,2010,л799лу190,М/Д
01.09.2011,00667,PEUGEOT,308,2010,л688ем197,М/Д
01.09.2011,00668,FORD,MONDEO,2012,с880лу177,М/Д
01.09.2011,00669,KIA,JD CEE'D,2012,н637уу190,М/Д
01.09.2011,00670,FORD,MONDEO,2011,ю753ня69,М/Д
01.09.2011,00671,CHEVROLET,LANOS,2007,ю810еп197,М/Д
01.09.2011,00672,NISSAN,TEANA,2006,л884не177,дПСЦНИ ЖБЕР
01.09.2011,00673,NISSAN,QASHQAI,2010,у974ес197,М/Д
01.09.2011,00674,тнпд,яйнпохн,1993,н364рл77,М/Д
01.09.2011,00675,FORD,FOCUS,2008,у440юю197,М/Д
01.09.2011,00676,FORD,FOCUS,2008,у476юю197,М/Д
01.09.2011,00677,FORD,FOCUS,2008,у445юю197,М/Д
01.09.2011,00678,MERCEDES-BENZ,E 200,2010,р291ел197,М/Д
01.09.2011,00679,FORD,FOCUS,2010,я127ею197,М/Д
01.09.2011,00680,FORD,FOCUS,2008,у443юю197,М/Д
01.09.2011,00681,FORD,FOCUS,2008,у415юю197,М/Д
01.09.2011,00682,FORD,FOCUS,2008,п965су199,М/Д
01.09.2011,00683,FORD,FOCUS,2008,у413юю197,М/Д
01.09.2011,00684,FORD,FOCUS,2008,п615су199,М/Д
01.09.2011,00685,FORD,FOCUS,2010,у574бн197,М/Д
01.09.2011,00686,FORD,FOCUS,2008,у456юю197,М/Д
01.09.2011,00687,FORD,FOCUS,2008,у453юю197,М/Д
01.09.2011,00688,FORD,FOCUS,2008,у501юю197,М/Д
01.09.2011,00689,MERCEDES-BENZ,E 200,2010,р293ел197,М/Д
01.09.2011,00690,FORD,FOCUS,2011,м948йн197,М/Д
01.09.2011,00691,FORD,FOCUS,2008,у454юю197,М/Д
01.09.2011,00692,FORD,FOCUS,2008,у478юю197,М/Д
01.09.2011,00693,FORD,FOCUS,2008,у168юю197,М/Д
01.09.2011,00694,FORD,FOCUS,2008,у438юю197,М/Д
01.09.2011,00695,FORD,FOCUS,2008,у867юю197,М/Д
01.09.2011,00696,FORD,FOCUS,2010,я126ею197,М/Д
01.09.2011,00697,FORD,FOCUS,2008,р844юр197,М/Д
01.09.2011,00698,FORD,FOCUS,2008,у502юю197,М/Д
01.09.2011,00699,FORD,FOCUS,2010,у573бн197,М/Д
01.09.2011,00700,FORD,FOCUS,2008,у441юю197,М/Д
01.09.2011,00701,FORD,FOCUS,2010,у752бн197,М/Д
01.09.2011,00702,FORD,MONDEO,2008,я357йу197,М/Д
01.09.2011,00703,HYUNDAI,SONATA,2004,р763бп197,М/Д
01.09.2011,00704,бюг,21100,2000,л135ню73,М/Д
01.09.2011,00705,AUDI,80,1993,е443йй177,М/Д
01.09.2011,00706,PEUGEOT,PARTNER,2004,м914пр199,М/Д
01.09.2011,00707,PEUGEOT,PARTNER,2010,б439йм197,М/Д
01.09.2011,00708,PEUGEOT,PARTNER,2010,б438йм197,М/Д
01.09.2011,00709,PEUGEOT,PARTNER,2004,б434сс97,М/Д
01.09.2011,00710,PEUGEOT,PARTNER,2004,ю206пу199,М/Д
01.09.2011,00711,PEUGEOT,PARTNER,2004,м884пр199,М/Д
01.09.2011,00712,PEUGEOT,PARTNER,2010,с496лр197,М/Д
01.09.2011,00713,PEUGEOT,PARTNER,2010,с495лр197,М/Д
01.09.2011,00714,PEUGEOT,PARTNER,2004,ю630йр197,М/Д
01.09.2011,00715,PEUGEOT,PARTNER,2004,м623мю197,М/Д
01.09.2011,00716,RENAULT,SR,2011,м617ес58,М/Д
01.09.2011,00717,CHEVROLET,LANOS,2008,у185ею199,М/Д
01.09.2011,00718,FORD,MONDEO,2005,йю11077,аефебши
01.09.2011,00719,MERCEDES-BENZ,GL320 CDI4-MATIC,2007,б504лю197,М/Д
01.09.2011,00720,CHEVROLET,AVEO,2007,е012нм190,М/Д
01.09.2011,00721,KIA,DE (JB/RIO),2010,б076ср197,М/Д
01.09.2011,00722,MITSUBISHI,LANSER 1.6,2005,б806бс177,М/Д
01.09.2011,00723,DAEWOO,NEXIA,2010,у456бр190,М/Д
01.09.2011,00724,VORTEX ESTINA,A21,2010,ю897нл190,М/Д
01.09.2011,00725,DAEWOO,NEXIA,2010,р741бс190,М/Д
01.09.2011,00726,FORD,FOCUS,2010,ю298сй77,М/Д
01.09.2011,00727,FORD,FOCUS,2010,е423ур199,М/Д
01.09.2011,00728,HYUNDAI,SONATA,2007,п895ун177,М/Д
01.09.2011,00729,CHEVROLET,ORLANDO KL1Y,2012,й751юр77,М/Д
01.09.2011,00730,VOLGA,яюиаеп,2008,н182пп199,М/Д
01.09.2011,00731,VOLKSWAGEN,PASSAT,2010,л430бм197,М/Д
01.09.2011,00732,NISSAN,ALMERA 1.6 RE,2007,й140ся177,М/Д
01.09.2011,00733,TOYOTA,CAMRY,2005,й497ню46,М/Д
01.09.2011,00734,SKODA,OCTAVIA,2008,е035бя199,М/Д
01.09.2011,00735,TOYOTA,COROLLA,2006,м567ел199,М/Д
01.09.2011,00736,RENAULT,LOGAN,2008,я137нн177,М/Д
01.09.2011,00737,KIA,FB2272 (SPECTRA),2007,я576юр199,М/Д
01.09.2011,00738,KIA,FB2272 SPEKTRA,2008,с895юс199,М/Д
01.09.2011,00739,FORD,C-MAX,2008,р309юм123,М/Д
01.09.2011,00740,PEUGEOT,BOXER,2011,л662лр197,М/Д
01.09.2011,00741,KIA,CARNIVAL II,2007,с358юп197,М/Д
01.09.2011,00742,MITSUBISHI,GALANT 2.4,2008,р955су199,М/Д
01.09.2011,00743,CHEVROLET,KLAN,2011,й306мя190,М/Д
01.09.2011,00744,KIA,CARETO,2005,н233сб199,М/Д
01.09.2011,00745,FORD,FOCUS,2009,я315нб62,М/Д
01.09.2011,00746,FORD,FOCUS,2008,е652бп197,М/Д
01.09.2011,00747,CITROEN,BERLINGO,2004,й489яп199,М/Д
01.09.2011,00748,FORD,FOCUS,2010,м023ею197,М/Д
01.09.2011,00749,RENAULT,MEGANE II EX2CE1103C,2008,р441пр190,М/Д
01.09.2011,00750,DAEWOO,NEXIA,2011,е183лн197,М/Д
01.09.2011,00751,RENAULT,SR,2010,е840сй199,М/Д
01.09.2011,00752,RENAULT,SR,2009,л628мя197,М/Д
01.09.2011,00753,RENAULT,SR,2010,у163еб197,М/Д
01.09.2011,00754,RENAULT,SR,2011,б027йм197,М/Д
01.09.2011,00755,RENAULT,SR,2010,й523юя197,М/Д
01.09.2011,00756,RENAULT,SR,2010,е839сй199,М/Д
01.09.2011,00757,RENAULT,SR,2011,б026йм197,М/Д
01.09.2011,00758,RENAULT,SR,2010,й055еу197,аЕКШИ
01.09.2011,00759,RENAULT,SR,2010,ю587юй197,М/Д
01.09.2011,00760,RENAULT,SR,2010,р630ул199,М/Д
01.09.2011,00761,RENAULT,SR,2010,у790еб197,М/Д
01.09.2011,00762,RENAULT,SR,2011,ю061йр197,М/Д
01.09.2011,00763,RENAULT,SR,2010,у164еб197,М/Д
01.09.2011,00764,RENAULT,SR,2010,е741сй199,М/Д
01.09.2011,00765,RENAULT,SR,2010,н540уб199,М/Д
01.09.2011,00766,RENAULT,SR,2010,н539уб199,М/Д
01.09.2011,00767,RENAULT,SR,2010,р318ул199,М/Д
01.09.2011,00768,RENAULT,SR,2010,н538уб199,М/Д
01.09.2011,00769,RENAULT,LOGAN SR,2009,ю448ря199,М/Д
01.09.2011,00770,RENAULT,SR,2010,ю588юй197,М/Д
01.09.2011,00771,RENAULT,SR,2010,р319ул199,М/Д
01.09.2011,00772,RENAULT,SR,2010,й057еу197,аЕКШИ
01.09.2011,00773,RENAULT,SR,2009,ю225ря199,М/Д
01.09.2011,00774,RENAULT,SR,2010,р480ус199,М/Д
01.09.2011,00775,RENAULT,SR,2010,й058еу197,аЕКШИ
01.09.2011,00776,RENAULT,SR,2010,е838сй199,М/Д
01.09.2011,00777,RENAULT,SR,2010,ю589юй197,М/Д
01.09.2011,00778,RENAULT,SR,2011,ю058йр197,М/Д
01.09.2011,00779,RENAULT,SR,2010,р479ус199,М/Д
01.09.2011,00780,RENAULT,SR,2010,р619ул199,М/Д
01.09.2011,00781,RENAULT,SR,2009,й559ре199,М/Д
01.09.2011,00782,RENAULT,SR,2010,й056еу197,аЕКШИ
01.09.2011,00783,RENAULT,SR,2010,н541уб199,М/Д
01.09.2011,00784,RENAULT,LOGAN SR,2009,ю593ря199,М/Д
01.09.2011,00785,RENAULT,SR,2011,ю060йр197,М/Д
01.09.2011,00786,RENAULT,SR,2010,е740сй199,М/Д
01.09.2011,00787,VAZ,210740,2012,ю092яя197,М/Д
01.09.2011,00788,RENAULT,LOGAN,2011,у817мя197,М/Д
01.09.2011,00789,RENAULT,LOGAN,2011,ю073мп197,М/Д
01.09.2011,00790,RENAULT,LOGAN,2011,ю074мп197,М/Д
01.09.2011,00791,RENAULT,SR,2011,й624мн197,М/Д
01.09.2011,00792,RENAULT,SR,2011,й625мн197,М/Д
01.09.2011,00793,RENAULT,LOGAN,2011,у653мя197,М/Д
01.09.2011,00794,RENAULT,LOGAN,2011,ю075мп197,М/Д
01.09.2011,00795,RENAULT,LOGAN,2011,у652мя197,М/Д
01.09.2011,00796,RENAULT,LOGAN,2011,у632мя197,М/Д
01.09.2011,00797,RENAULT,LOGAN,2011,у612мя197,М/Д
01.09.2011,00798,TOYOTA,COROLLA,2003,м720лм97,М/Д
01.09.2011,00799,HYUNDAI,SONATA,2010,м911юя197,М/Д
01.09.2011,00800,DODGE,CARAVAN SE,2003,у967ме177,М/Д
01.09.2011,00801,DAEWOO,NEXIA,2008,с123юя197,М/Д
01.09.2011,00802,DAEWOO,NEXIA,2008,с124юя197,М/Д
01.09.2011,00803,DAEWOO,NEXIA,2008,с125юя197,М/Д
01.09.2011,00804,DAEWOO,NEXIA,2008,с126юя197,М/Д
01.09.2011,00805,RENAULT,SR,2009,я370яб199,М/Д
01.09.2011,00806,RENAULT,SR,2009,я374яб199,М/Д
01.09.2011,00807,RENAULT,SR,2009,я369яб199,М/Д
01.09.2011,00808,RENAULT,SR,2009,я368яб199,М/Д
01.09.2011,00809,RENAULT,SR,2010,ю594ус199,М/Д
01.09.2011,00810,RENAULT,SR,2009,ю652ус199,М/Д
01.09.2011,00811,RENAULT,SR,2009,ю651ус199,М/Д
01.09.2011,00812,RENAULT,SR,2009,ю480ус199,М/Д
01.09.2011,00813,RENAULT,SR,2010,ю479ус199,М/Д
01.09.2011,00814,RENAULT,SR,2009,я371яб199,М/Д
01.09.2011,00815,RENAULT,SR,2009,я961яб199,М/Д
01.09.2011,00816,RENAULT,SR,2009,я373яб199,М/Д
01.09.2011,00817,RENAULT,SR,2009,я372яб199,М/Д
01.09.2011,00818,VAZ,210740 LADA,2008,б960бю199,М/Д
01.09.2011,00819,VAZ,210740 LADA,2008,б959бю199,М/Д
01.09.2011,00820,VAZ,210740 LADA,2008,б958бю199,М/Д
01.09.2011,00821,VAZ,210740 LADA,2008,б957бю199,М/Д
01.09.2011,00822,VAZ,210740,2008,б956бю199,М/Д
01.09.2011,00823,HYUNDAI,ACCENT,2010,я219ем197,М/Д
01.09.2011,00824,HYUNDAI,ACCENT,2010,я218ем197,М/Д
01.09.2011,00825,HYUNDAI,ACCENT,2010,я217ем197,М/Д
01.09.2011,00826,HYUNDAI,ACCENT,2010,п295ей197,М/Д
01.09.2011,00827,HYUNDAI,ACCENT,2010,я216ем197,М/Д
01.09.2011,00828,HYUNDAI,ACCENT,2010,п294ей197,М/Д
01.09.2011,00829,HYUNDAI,ACCENT,2010,п293ей197,М/Д
01.09.2011,00830,HYUNDAI,ACCENT,2010,п292ей197,М/Д
01.09.2011,00831,HYUNDAI,ACCENT,2008,с127юя197,М/Д
01.09.2011,00832,HYUNDAI,ACCENT,2010,п291ей197,М/Д
01.09.2011,00833,HYUNDAI,ACCENT,2008,с122юя197,М/Д
01.09.2011,00834,HYUNDAI,ACCENT,2008,п918мр199,М/Д
01.09.2011,00835,HYUNDAI,ACCENT,2008,п917мр199,М/Д
01.09.2011,00836,HYUNDAI,ACCENT,2008,п916мр199,М/Д
01.09.2011,00837,HYUNDAI,ACCENT,2008,п915мр199,М/Д
01.09.2011,00838,HYUNDAI,ACCENT,2008,б645сб199,М/Д
01.09.2011,00839,HYUNDAI,ACCENT,2008,б644сб199,М/Д
01.09.2011,00840,HYUNDAI,ACCENT,2008,б643сб199,М/Д
01.09.2011,00841,HYUNDAI,ACCENT,2008,б642сб199,М/Д
01.09.2011,00842,HYUNDAI,ACCENT,2008,б641сб199,М/Д
01.09.2011,00843,HYUNDAI,ACCENT,2008,у942яп177,М/Д
01.09.2011,00844,HYUNDAI,ACCENT,2008,у940яп177,М/Д
01.09.2011,00845,HYUNDAI,ACCENT,2008,у939яп177,М/Д
01.09.2011,00846,RENAULT,SR,2009,с977мп197,М/Д
01.09.2011,00847,HYUNDAI,ELANTRA 1.6 GLS,2010,м074бя197,М/Д
01.09.2011,00848,PEUGEOT,PARTNER,2010,е186лм197,М/Д
01.09.2011,00849,PEUGEOT,PARTNER,2010,й843ел197,М/Д
01.09.2011,00850,PEUGEOT,PARTNER,2010,й465ел197,М/Д
01.09.2011,00851,PEUGEOT,PARTNER,2010,ю611йр197,М/Д
01.09.2011,00852,оефн,оюпрмеп,2010,ря28077,фЕКРШИ
01.09.2011,00853,PEUGEOT,PARTNER,2010,б435йм197,М/Д
01.09.2011,00854,PEUGEOT,PARTNER,2010,й170бя197,М/Д
01.09.2011,00855,PEUGEOT,PARTNER,2010,й983ел197,М/Д
01.09.2011,00856,PEUGEOT,PARTNER,2010,б443йм197,М/Д
01.09.2011,00857,PEUGEOT,PARTNER,2010,ю610йр197,М/Д
01.09.2011,00858,PEUGEOT,PARTNER,2010,й172бя197,М/Д
01.09.2011,00859,PEUGEOT,PARTNER,2010,й679юя197,М/Д
01.09.2011,00860,оефн,оюпрмеп,2010,с492лр197,аЕКШИ
01.09.2011,00861,PEUGEOT,PARTNER,2010,й982ел197,М/Д
01.09.2011,00862,PEUGEOT,PARTNER,2004,й451лм197,М/Д
01.09.2011,00863,PEUGEOT,PARTNER,2010,й981ел197,М/Д
01.09.2011,00864,PEUGEOT,PARTNER,2010,б437йм197,М/Д
01.09.2011,00865,PEUGEOT,PARTNER,2010,с087лр197,аЕКШИ
01.09.2011,00866,PEUGEOT,PARTNER,2010,б433йм197,М/Д
01.09.2011,00867,PEUGEOT,PARTNER,2010,й517ел197,М/Д
01.09.2011,00868,PEUGEOT,PARTNER,2010,й847ел197,М/Д
01.09.2011,00869,PEUGEOT,PARTNER,2010,б440йм197,М/Д
01.09.2011,00870,PEUGEOT,PARTNER,2010,с086лр197,М/Д
01.09.2011,00871,PEUGEOT,PARTNER,2010,с493лр197,М/Д
01.09.2011,00872,PEUGEOT,PARTNER,2004,б477сс97,М/Д
01.09.2011,00873,PEUGEOT,PARTNER,2010,ю765йр197,М/Д
01.09.2011,00874,PEUGEOT,PARTNER,2010,у698рм197,М/Д
01.09.2011,00875,PEUGEOT,PARTNER,2010,б441йм197,М/Д
01.09.2011,00876,PEUGEOT,PARTNER,2010,й463ел197,М/Д
01.09.2011,00877,PEUGEOT,PARTNER,2010,й167бя197,М/Д
01.09.2011,00878,PEUGEOT,PARTNER,2010,б442йм197,М/Д
01.09.2011,00879,PEUGEOT,PARTNER,2010,ю766йр197,М/Д
01.09.2011,00880,PEUGEOT,PARTNER,2010,й845ел197,М/Д
01.09.2011,00881,PEUGEOT,PARTNER,2010,й846ел197,М/Д
01.09.2011,00882,PEUGEOT,PARTNER,2010,й169бя197,М/Д
01.09.2011,00883,PEUGEOT,PARTNER,2004,й885пн199,М/Д
01.09.2011,00884,PEUGEOT,PARTNER,2010,й892ел197,М/Д
01.09.2011,00885,PEUGEOT,PARTNER,2010,б436йм197,М/Д
01.09.2011,00886,PEUGEOT,PARTNER,2010,й889ел197,М/Д
01.09.2011,00887,PEUGEOT,PARTNER,2010,й890ел197,М/Д
01.09.2011,00888,PEUGEOT,PARTNER,2004,б478сс97,М/Д
01.09.2011,00889,PEUGEOT,PARTNER,2010,й464ел197,М/Д
01.09.2011,00890,PEUGEOT,PARTNER,2004,б481сс97,М/Д
01.09.2011,00891,PEUGEOT,PARTNER,2004,б479сс97,М/Д
01.09.2011,00892,PEUGEOT,PARTNER,2004,б480сс97,М/Д
01.09.2011,00893,PEUGEOT,PARTNER,2004,й916пн199,М/Д
01.09.2011,00894,SAAB,9-5,2002,н934мр197,М/Д
01.09.2011,00895,HYUNDAI,ELANTRA 1.6 GLS AT,2010,у233ер197,М/Д
01.09.2011,00896,FORD,FOCUS,2011,я917мл197,М/Д
01.09.2011,00897,PEUGEOT,408,2012,п106му197,М/Д
01.09.2011,00898,NISSAN,TEANA,2011,бе17677,М/Д
01.09.2011,00899,LIFAN,214813,2010,м016лю190,М/Д
01.09.2011,00900,CHEVROLET,	KLAN (J200/LACETTI),2010,б069йр197,аЕКШИ
01.09.2011,00901,FORD,FOCUS,2008,р755йй197,М/Д
01.09.2011,00902,HYUNDAI,SONATA,2010,б876бн197,М/Д
01.09.2011,00903,SKODA,OCTAVIA,2004,с394бб190,М/Д
01.09.2011,00904,LIFAN,214813,2010,я498бн197,М/Д
01.09.2011,00905,HYUNDAI,SONATA,2009,м267пб199,М/Д
01.09.2011,00906,PEUGEOT,307,2006,у351бс190,М/Д
01.09.2011,00907,KIA,CARENS FGUN,2011,у644йн197,М/Д
01.09.2011,00908,MAZDA,3,2007,с146юя199,М/Д
01.09.2011,00909,CHEVROLET,KLAN J200/CHEVROLETL,2011,я290лр197,М/Д
01.09.2011,00910,CHEVROLET,KLAN J200,2011,я291лр197,дПСЦНИ ЖБЕР
01.09.2011,00911,CHEVROLET,KLAN J200,2010,б099йр197,дПСЦНИ ЖБЕР
01.09.2011,00912,CHEVROLET,KLAN J200/CHEVROLET,2011,б107йр197,дПСЦНИ ЖБЕР
01.09.2011,00913,CHEVROLET,KLAN (J200/LACHETTI),2011,б068йр197,М/Д
01.09.2011,00914,CHEVROLET,KLAN J200,2011,я286лр197,дПСЦНИ ЖБЕР
01.09.2011,00915,CHEVROLET,KLAN J200/CHEVROLETLA,2011,я280лр197,М/Д
01.09.2011,00916,CHEVROLET,KLAN (J200/LACHETTI),2011,б108йр197,М/Д
01.09.2011,00917,CHEVROLET,KLAN (J200/LACHETTI),2011,б116йр197,М/Д
01.09.2011,00918,CHEVROLET,KLAN J200,2011,я293лр197,дПСЦНИ ЖБЕР
01.09.2011,00919,ьебпнке,йкюм,2011,б115йр197,дПСЦНИ ЖБЕР
01.09.2011,00920,CHEVROLET,KLAN J200,2011,я289лр197,дПСЦНИ ЖБЕР
01.09.2011,00921,CHEVROLET,KLAN J200/CHEVROLETLA,2011,я282лр197,дПСЦНИ ЖБЕР
01.09.2011,00922,CHEVROLET,KLAN (J200/LACHETTI),2011,б094йр197,дПСЦНИ ЖБЕР
01.09.2011,00923,CHEVROLET,KLAN J200 LACETTI,2011,я292лр197,дПСЦНИ ЖБЕР
01.09.2011,00924,CHEVROLET,KLAN J200/CHEVROLETL,2011,я281лр197,дПСЦНИ ЖБЕР
01.09.2011,00925,CHEVROLET,KLAN (J200/LACHETTI),2011,б109йр197,дПСЦНИ ЖБЕР
01.09.2011,00926,CHEVROLET,KLAN (J200/LACHETTI),2011,б168йр197,М/Д
01.09.2011,00927,CHEVROLET,LACETTI ,2011,я283лр197,дПСЦНИ ЖБЕР
01.09.2011,00928,CHEVROLET,KLAN (J200/LACHETTI),2010,б117йр197,дПСЦНИ ЖБЕР
01.09.2011,00929,TOYOTA,COROLLA,2012,р385йй199,М/Д
01.09.2011,00930,NISSAN,TEANA,2011,ю904мй197,М/Д
01.09.2011,00931,HYUNDAI,SONATA,2007,р450ур199,М/Д
01.09.2011,00932,NISSAN,TIIDA 1.6,2010,й327мб190,М/Д
01.09.2011,00933,FORD,FOCUS,2010,я159бл197,М/Д
01.09.2011,00934,TOYOTA,CAMRI,2008,е264рп197,М/Д
01.09.2011,00935,RENAULT,LATITUDE,2012,я099уя90,М/Д
01.09.2011,00936,MAZDA,3,2007,л867уп199,М/Д
01.09.2011,00937,NISSAN,TEANA,2012,л525яп150,М/Д
01.09.2011,00938,HYUNDAI,SONATA,2011,н789мл197,М/Д
01.09.2011,00939,SKODA,OCTAVIA,2008,е816йл197,М/Д
01.09.2011,00940,HYUNDAI,SONATA,2007,л092мп197,М/Д
01.09.2011,00941,CHEVROLET,ORLANDO,2012,е339уе197,М/Д
01.09.2011,00942,KIA,FG(CARENS/UN),2011,р653мр197,М/Д
01.09.2011,00943,FORD,FOCUS,2011,р078мм197,М/Д
01.09.2011,00944,FORD,FOCUS,2010,п536лю197,М/Д
01.09.2011,00945,NISSAN,PRIMERA 2.0,2003,п801мл197,М/Д
01.09.2011,00946,CHEVROLET,AVEO KLAS,2010,й726ен197,М/Д
01.09.2011,00947,CHEVROLET,KLAN,2011,б931ям197,М/Д
01.09.2011,00948,NISSAN,TIIDA,2011,н622мс197,М/Д
01.09.2011,00949,NISSAN,TIIDA,2011,н623мс197,М/Д
01.09.2011,00950,NISSAN,TIIDA,2011,н663мс197,М/Д
01.09.2011,00951,RENAULT,SR,2010,н742нр62,М/Д
01.09.2011,00952,CHEVROLET,KLAN(J200/LACETTI),2007,л316ру199,М/Д
01.09.2011,00953,FORD,MONDEO,2009,е107бл197,М/Д
01.09.2011,00954,FORD,FOCUS,2012,я817лл97,М/Д
01.09.2011,00955,CHEVROLET,KLAN (J200/LACHETTI),2010,н784еу197,М/Д
01.09.2011,00956,CHEVROLET,KLAN (J200/LACHETTI),2010,м653бн197,М/Д
01.09.2011,00957,CHEVROLET,KLAN (J200/LACHETTI),2010,м652бн197,М/Д
01.09.2011,00958,CHEVROLET,KLAN (J200/SHEVROLE,2010,р501бй197,М/Д
01.09.2011,00959,CHEVROLET,KLAN (J200/LACHETTI),2010,п398бю197,М/Д
01.09.2011,00960,CHEVROLET,KLAN (J200/LACHETTI),2010,п399бю197,М/Д
01.09.2011,00961,CHEVROLET,KLAN (J200/SHEVROLE,2010,р433бя197,М/Д
01.09.2011,00962,CHEVROLET,KLAN (J200/LACHETTI),2010,н783еу197,М/Д
01.09.2011,00963,CHEVROLET,CRUZE,2010,й071ем197,М/Д
01.09.2011,00964,CHEVROLET,KLAN (J200/SHEVROLE,2010,р432бя197,М/Д
01.09.2011,00965,CHEVROLET,KLAN (J200/SHEVROLE,2010,р474бй197,М/Д
01.09.2011,00966,CHEVROLET,KLAN (J200/LACHETTI),2010,л637юп777,яхмхи
01.09.2011,00967,CHEVROLET,KLAN (J200/LACHETTI),2010,л636юп777,яхмхи
01.09.2011,00968,CHEVROLET,KLAN (J200/LACHETTI),2010,л097йл197,М/Д
01.09.2011,00969,CHEVROLET,KLAN J200/CHEVROLETLA,2010,у877ер197,М/Д
01.09.2011,00970,SUBARU,LEGACY OUTBACK,2005,ю214ян197,М/Д
01.09.2011,00971,RENAULT,SR,2011,ю244ну62,М/Д
01.09.2011,00972,KIA,DE RIO,2010,у219бб197,М/Д
01.09.2011,00973,LADA  217130,LADA RRIORA,2011,е371лю197,М/Д
01.09.2011,00974,MERCEDES,BENZ YE300,2009,л469сс199,М/Д
01.09.2011,00975,CHERY A21,SQR 7201,2007,е581не190,М/Д
01.09.2011,00976,CHEVROLET,KLAN (J200/LACETTI),2012,ю189яу197,М/Д
01.09.2011,00977,RENAULT,SR,2010,п094ее197,М/Д
01.09.2011,00978,RENAULT,SR,2010,е233бр197,М/Д
01.09.2011,00979,RENAULT,SR,2010,л844ей197,М/Д
01.09.2011,00980,RENAULT,FLUENCE,2011,п059мр197,М/Д
01.09.2011,00981,RENAULT,SR,2010,й172юр197,М/Д
01.09.2011,00982,RENAULT,SR,2010,я285уя199,М/Д
01.09.2011,00983,RENAULT,SR,2010,й317юр197,М/Д
01.09.2011,00984,RENAULT,SR,2010,й316юр197,М/Д
01.09.2011,00985,RENAULT,SR,2010,ю460юе197,М/Д
01.09.2011,00986,RENAULT,SR,2010,е686бр197,М/Д
01.09.2011,00987,RENAULT,SR,2010,е685бр197,М/Д
01.09.2011,00988,RENAULT,SR,2010,е368су199,М/Д
01.09.2011,00989,RENAULT,SR,2010,л799см199,М/Д
01.09.2011,00990,RENAULT,SR,2010,л798см199,М/Д
01.09.2011,00991,RENAULT,FLUENCE,2010,н043йя197,М/Д
01.09.2011,00992,RENAULT,FLUENCE,2010,н041йя197,М/Д
01.09.2011,00993,RENAULT,FLUENCE,2010,н042йя197,М/Д
01.09.2011,00994,RENAULT,SR,2010,ю434юе197,М/Д
01.09.2011,00995,SKODA,OCTAVIA TOU,2010,р511йл33,М/Д
01.09.2011,00996,FORD,FOCUS,2010,й580бй197,М/Д
01.09.2011,00997,FORD,FOCUS,2010,й578бй197,М/Д
01.09.2011,00998,FORD,FOCUS,2011,б274йм197,М/Д
01.09.2011,00999,FORD,FOCUS,2010,у791еб197,М/Д
01.09.2011,01000,RENAULT,FLUENCE,2010,б806йм197,М/Д